Model,MAE,RMSE
Random Forest,0.10735506935133973,0.16889402721946978
LSTM,0.12448222750181452,0.17777211384170127
